新聞社, カテゴリ, 件数, CLI_AVE, CLI_VAR, FKG_AVE, FKG_VAR, SVL_AVE_AVE, SVL_AVE_VAR, TOEIC_AVE_AVE, TOEIC_AVE_VAR, SVLの平均単語数, 平均単語数
MAINICHI, business, 125, 12.529499949420007, 1.2023824167414505, 13.126546685491393, 6.355986780430864, 2.326513256404936, 0.04965286955152716, 323.20612678125957, 254.80943730698587, 170.312, 198.96
MAINICHI, world, 167, 12.715714735564607, 1.6954566910741986, 12.762097803511102, 3.739414169877988, 2.3920851697255743, 0.07194495552239652, 322.3778527479441, 343.6982571626073, 195.16167664670658, 230.61676646706587
MAINICHI, sports, 132, 10.258956131740373, 1.9591020704902242, 9.863435112465979, 3.0914561125732685, 1.9488046895620903, 0.07866127139068833, 293.94044796044784, 363.316768436065, 158.8409090909091, 201.3409090909091
MAINICHI, arts entertainment, 155, 11.00891138068311, 1.7716107749886447, 10.708055739235704, 8.09690542629757, 2.1514808264854595, 0.10134082392507045, 310.1786404807457, 486.05477220753664, 164.6451612903226, 205.69032258064516
MAINICHI, arts entertainment2, 12, 10.635249329848534, 3.640720804005289, 10.402541398817624, 4.020612760604262, 2.100982224683653, 0.06827033721689357, 306.40982831319644, 329.6349206121701, 179.91666666666666, 218.08333333333334
CNN, World europe, 45, 11.826481536160935, 1.559196955707837, 11.382667145702575, 2.233028891477777, 2.370316894682061, 0.07621382140261386, 323.3079071693953, 344.51653092296783, 290.75555555555553, 347.8222222222222
CNN, World world, 90, 11.716723876897577, 1.7352693215970634, 11.189118282134835, 4.138501722645273, 2.335725094840423, 0.07820221092684204, 320.97361084835285, 387.23208371965245, 258.15555555555557, 303.6777777777778
CNN, World asia, 37, 11.453473471481137, 0.8594392277050827, 10.92607736137287, 2.9304374656147028, 2.2659875659710793, 0.0653122655798089, 314.90289091115443, 320.9286719676002, 252.78378378378378, 290.6756756756757
CNN, World health, 6, 11.625714933544948, 1.6530244853063394, 10.774280367515535, 5.144923105031954, 2.294279477652538, 0.05000966552643948, 313.53671339796733, 242.47407917730268, 259.0, 293.6666666666667
CNN, World motorsport, 1, 11.3003456221198, 0.0, 10.258798816568, 0.0, 2.0, 0.0, 300.588235294118, 0.0, 172.0, 199.0
CNN, World middleeast, 37, 11.358259209828281, 0.9136526048417882, 10.91467866717809, 2.3885114546035977, 2.412148802070467, 0.04944269950961097, 324.98170752786217, 163.91376721886854, 283.94594594594594, 336.2432432432432
CNN, World americas, 10, 11.602916930507007, 0.7762888097633033, 11.311950189898786, 4.5789053610155666, 2.37707095040657, 0.046690820089427015, 323.45904011480803, 246.5610208755288, 277.5, 320.7
CNN, World living, 8, 10.877311670113837, 1.1874103986053157, 10.72805853987518, 6.884134172497853, 2.327063334133349, 0.04254003288842287, 315.316753938912, 143.79107369982302, 331.25, 378.5
CNN, World travel, 23, 11.159766553814455, 0.7373347612286172, 10.2990190321624, 3.5879466824052595, 2.3442855236756914, 0.0716346567291342, 322.81155535966246, 287.34033045694906, 291.95652173913044, 356.39130434782606
CNN, World opinion, 33, 12.106904223308451, 1.2394036988750041, 11.858761578943888, 4.14392507364936, 2.5994647635208206, 0.055774354004856086, 335.2540699859106, 308.13624867452575, 356.09090909090907, 411.72727272727275
CNN, World opinions, 1, 11.9763957597173, 0.0, 7.84594268476621, 0.0, 2.35537190082645, 0.0, 316.95652173913, 0.0, 121.0, 157.0
CNN, World tech, 14, 11.26128755410495, 0.8181112073470168, 11.02154872859571, 4.052095930758505, 2.291595754795717, 0.017159936376133444, 318.293297309007, 78.29162509505804, 278.0, 314.7857142857143
CNN, World intl_travel, 1, 12.1547464940669, 0.0, 9.64921538461538, 0.0, 2.37007874015748, 0.0, 320.401606425703, 0.0, 254.0, 322.0
CNN, World Sport sport, 77, 10.143963215273791, 1.3475996290744523, 10.065861278184503, 3.332531247783885, 2.1796336739351774, 0.04468990580667096, 309.1718918310377, 245.2684165283582, 289.97402597402595, 340.85714285714283
CNN, Money news, 92, 11.81015265062793, 0.7430365034943714, 9.443373238750405, 1.4543487439831748, 2.4187553600006404, 0.02822212065661716, 326.59919770811956, 156.47403517703285, 214.67391304347825, 264.94565217391306
CNN, Money technology, 59, 12.038858787380402, 0.7855914041098689, 9.277198501738262, 1.1687216671872147, 2.4242824513092818, 0.024347417841307336, 328.29033222880145, 143.1172373754158, 219.91525423728814, 270.96610169491527
CNN, Money investing, 100, 11.528045649748467, 0.528461186293066, 8.68364540244715, 1.0549926752118355, 2.4231544745341806, 0.02191347491748303, 326.58252171303263, 106.86547916604106, 237.87, 295.12
CNN, Money media, 35, 11.649896392666388, 0.43100037317889556, 9.358569894955583, 1.1119473951941952, 2.432245881444027, 0.03046093080934707, 329.5260789430289, 152.17549167363885, 222.82857142857142, 279.6
CNN, Money luxury, 7, 11.982101522254755, 0.7079796552432399, 9.059889021420762, 1.6119639405035873, 2.449518703911533, 0.08284380949644153, 327.77892185607544, 353.6981135076731, 188.0, 236.42857142857142
CNN, Science Space 11, 3, 12.244911963298135, 0.16223935363560602, 10.737942302348536, 0.7311409186612688, 2.2390386902117103, 0.003018501569906402, 313.376836567217, 0.901363800856568, 229.66666666666666, 266.6666666666667
CNN, Technology tech, 53, 10.992859976464095, 1.4688337708161767, 10.674930093927516, 3.7052245859777706, 2.2820881282702543, 0.04351747654854658, 316.85989317569084, 266.42438819469044, 271.9056603773585, 307.52830188679246
CNN, Technology opinion, 12, 11.710058827004426, 1.337959863921732, 11.036346016011962, 3.3155923251594785, 2.464715212115489, 0.0375936718380906, 329.39241120389585, 172.74383174440268, 393.8333333333333, 446.5
CNN, Technology business, 2, 12.57685332773355, 0.3926013744452125, 12.333840722313049, 0.8063672797336636, 2.5101920950801553, 0.013612723467683734, 339.361518780427, 17.427309310712367, 242.0, 277.5
CNN, Entertainment showbiz, 59, 10.26919539358464, 2.413575374028653, 17.644003106266567, 2222.001378976275, 2.007246459544309, 0.052132733167099855, 297.2878089531385, 232.38001083163118, 145.9322033898305, 187.1864406779661
CNN, Entertainment us, 1, 10.5203216783217, 0.0, 10.6147309833024, 0.0, 2.48679245283019, 0.0, 334.941634241245, 0.0, 265.0, 320.0
CNN, Entertainment politics, 1, 8.73958053691278, 0.0, 4.3992613031271, 0.0, 2.01587301587302, 0.0, 290.751633986928, 0.0, 315.0, 364.0
CNN, World africa, 17, 12.037293554196308, 1.545991425967312, 11.391084798899042, 3.363405748597192, 2.450564869196282, 0.06662026347124392, 326.66672147307486, 274.3064520064164, 260.47058823529414, 297.11764705882354
CNN, World politics, 11, 11.2925569085778, 0.617305275373795, 13.024681714253427, 1.52323700713967, 2.31801135251505, 0.06366148525655613, 321.29742197559136, 288.07682666123975, 260.8181818181818, 307.1818181818182
CNN, Money autos, 12, 11.269881501568378, 0.9503597469343301, 8.756690402347319, 0.6514713213360174, 2.4059082542765613, 0.028256694124504617, 326.374454465434, 151.99945272570275, 197.25, 248.58333333333334
CNN, World us, 8, 11.2223127447103, 1.4399351887775746, 10.55249504951414, 5.164917008421937, 2.19394339956003, 0.05780753875741551, 307.2643758066987, 243.66532402957827, 203.125, 236.125
CNN, World china, 4, 11.788106379539752, 0.4965248993015726, 12.75001111536985, 2.6178347519902365, 2.440451257782035, 0.05774300526173969, 323.84584514348325, 235.05011779306759, 266.25, 301.5
CNN, World football, 2, 9.81625569228699, 0.0031163160983069278, 10.26518549547432, 0.7937280798852279, 2.1786963434022297, 0.056415689981573994, 311.4884708962685, 196.37503874838777, 430.5, 524.5
CNN, World Sport football, 52, 10.624730792906254, 1.0922937738217005, 11.040719802878849, 3.5102120148351252, 2.207755317328485, 0.060218049508009276, 309.622559245474, 293.8952886793284, 287.2307692307692, 343.5576923076923
CNN, World Sport tennis, 25, 9.247337798568072, 0.4202108310080601, 8.36764701677884, 3.0748397889770245, 1.9887433465926323, 0.032111581382265664, 294.5904771046912, 224.59896036494848, 249.32, 299.8
CNN, Money real_estate, 2, 12.004405757074899, 0.057672732551913145, 8.45814976339344, 0.013045783382122, 2.42723311546841, 5.7432801249285235e-06, 324.7598064187465, 11.917091835741594, 144.0, 188.0
CNN, Technology us, 9, 10.043258006414483, 0.5527674785719836, 9.274083537815539, 1.928256903696305, 2.031606708116869, 0.020516854506789906, 298.84863149630087, 179.6419439471835, 198.55555555555554, 228.33333333333334
CNN, Technology technology, 1, 10.4039908256881, 0.0, 10.1105318156372, 0.0, 2.34042553191489, 0.0, 327.801857585139, 0.0, 329.0, 377.0
CNN, Technology asia, 2, 12.70447962495335, 0.0878209044298238, 13.20201527382085, 1.238574699452418, 2.612537441163885, 0.03448752547116132, 341.0783371040725, 142.88226792359606, 196.0, 227.5
CNN, Technology travel, 3, 10.695717580741345, 0.5941726524348029, 10.17428160407968, 0.24798124851651995, 2.176626107403, 0.0009323378288169184, 312.10872994987267, 83.23044777025558, 205.66666666666666, 248.33333333333334
CNN, Technology justice, 1, 11.5851127819549, 0.0, 15.7879712041885, 0.0, 2.10576923076923, 0.0, 306.862745098039, 0.0, 104.0, 125.0
CNN, Technology politics, 1, 15.0508906882591, 0.0, 16.2080421440262, 0.0, 2.56716417910448, 0.0, 334.106463878327, 0.0, 268.0, 301.0
CNN, Entertainment opinion, 3, 9.7958353978972, 0.507604026222814, 7.427883358421884, 2.4241295656565036, 2.2861544381252696, 0.0006466057506361605, 311.19086065333903, 30.50991017340679, 292.0, 344.6666666666667
CNN, World Sport sailing, 2, 8.445179244867376, 0.8224246428873763, 8.21296101274003, 3.559409839071729, 2.06498108015136, 0.00036977159979071196, 292.20967625379353, 232.56911227420136, 266.5, 304.5
CNN, Technology living, 5, 10.591864143636984, 1.1067383880467365, 10.109404290405454, 7.16078275064717, 2.035393094624582, 0.12753605088685815, 297.7448263581402, 599.7927496338458, 257.0, 292.2
CNN, Technology showbiz, 1, 10.5668269230769, 0.0, 6.76285714285713, 0.0, 1.55, 0.0, 267.457627118644, 0.0, 60.0, 71.0
CNN, World business, 2, 10.95826582878614, 1.541806616527595, 9.107248450067395, 3.7535686249889166, 2.1335027310096297, 0.09177139970620099, 307.0649762050745, 690.778389084841, 268.5, 321.0
CNN, World Sport golf, 5, 8.888774521423462, 0.22811205705400917, 9.83819480856931, 6.00487412450234, 2.028036360566512, 0.07349253959603752, 296.22739987855914, 338.14425438593315, 256.6, 300.6
CNN, Technology health, 2, 10.400056558912524, 0.16513288662269235, 9.26355729928987, 0.3581982918063586, 2.04526901669759, 0.013923124318035343, 286.275077160494, 170.69946716987837, 229.5, 255.5
CNN, World Sport us, 3, 10.63600589831875, 0.9313389465610079, 9.458176403922153, 1.2682118800065454, 2.09390452076861, 0.011033260883447261, 306.403575778576, 446.2171281469828, 209.66666666666666, 258.0
CNN, Money smallbusiness, 2, 11.8230884032325, 0.008694532871590235, 8.811858032112639, 0.24483819924018724, 2.400530424935935, 0.001535533749444476, 328.7331002331, 0.13650355083931098, 260.0, 320.0
CNN, Money 01, 4, 12.09671836941725, 0.5791319957984719, 8.201721421834673, 0.5481268143421454, 2.2137733983116523, 0.010264420173678948, 308.86402027027026, 47.86182468892123, 114.75, 151.0
CNN, Technology world, 4, 10.961379947921333, 0.7906018110000472, 12.825991661203325, 3.4386118431759427, 2.2009693141182827, 0.008041000730735687, 314.777231904308, 36.69864221877989, 159.75, 189.5
CNN, World Sport skiing, 3, 8.91011271355009, 0.555450239143442, 8.80449593080652, 0.7139886173693767, 2.01411709539121, 0.008299471986195302, 297.65173512059897, 56.03327818778862, 217.66666666666666, 254.0
CNN, Money world, 1, 8.79919191919192, 0.0, 8.53961904761905, 0.0, 2.0, 0.0, 297.586206896552, 0.0, 146.0, 160.0
CNN, World skiing, 1, 7.96779352226718, 0.0, 7.63319796954315, 0.0, 1.89417989417989, 0.0, 289.836956521739, 0.0, 189.0, 214.0
CNN, Money europe, 2, 10.10788020866638, 0.3495760964583637, 11.888006558907751, 1.2703983481472836, 2.2703844528939596, 0.025367997402676555, 309.989373562818, 70.50042648817272, 248.5, 285.5
CNN, Entertainment entertainment, 72, 10.4926128706012, 2.0172416697571993, 12.34464773234587, 457.56040270650817, 2.0756725730265346, 0.056248414894897986, 302.4429266293278, 301.255879056861, 159.98611111111111, 196.76388888888889
CNN, Money pf, 2, 10.81660318162075, 0.0062589822972897715, 8.464949042982045, 0.6973163629300618, 2.328536344305015, 0.01898467845259848, 325.956271397448, 161.823262953213, 183.0, 227.0
CNN, Technology homepage4, 1, 11.567095959596, 0.0, 7.85519480519482, 0.0, 1.89032258064516, 0.0, 303.006535947712, 0.0, 155.0, 181.0
CNN, Money 2015, 1, 13.2906319702602, 0.0, 9.26450980392157, 0.0, 2.71717171717172, 0.0, 333.297872340426, 0.0, 99.0, 137.0
CNN, Entertainment living, 4, 8.773534287466637, 1.1788697695118329, 7.208153699102643, 1.9551276826507853, 1.7727134440581824, 0.06566353801738636, 284.1337549871132, 635.066675753017, 168.5, 195.75
CNN, Money middleeast, 2, 11.08489997804125, 0.060242490241545266, 11.40045161290325, 0.0005657236674755544, 2.47478726233214, 0.005272698494916945, 326.671360180231, 74.16066535333584, 301.5, 355.5
CNN, Entertainment health, 2, 11.209564248137994, 3.333396295173544, 10.40680523791709, 3.11215618162261, 2.32627088830255, 0.13908241990641998, 315.06896359169104, 347.8241662963911, 339.5, 392.5
CNN, World entertainment, 6, 10.242164911529592, 0.7874701461862511, 9.62752459391456, 2.973466207438767, 2.0717792139800815, 0.06528606946940452, 305.6981732732615, 289.24922664957796, 151.83333333333334, 191.66666666666666
CNN, Money politics, 2, 11.44722770146895, 0.07907996672449986, 14.59956330888105, 0.5941953557063152, 2.095333193188985, 0.0015206228949350747, 300.919489007724, 10.708799310430537, 136.0, 157.0
CNN, Money tech, 1, 12.2798961937716, 0.0, 7.36238176085376, 0.0, 1.77777777777778, 0.0, 274.274193548387, 0.0, 126.0, 147.0
CNN, Money travel, 1, 10.6539755351682, 0.0, 11.0493172216936, 0.0, 2.23095238095238, 0.0, 309.414634146341, 0.0, 420.0, 503.0
CNN, Technology homepage2, 1, 11.9819213313162, 0.0, 9.8276628131021, 0.0, 1.8695652173913, 0.0, 292.687224669604, 0.0, 230.0, 262.0
CNN, Entertainment asia, 1, 11.9860396039604, 0.0, 8.38411650485437, 0.0, 2.02521008403361, 0.0, 294.700854700855, 0.0, 119.0, 154.0
CNN, World sport, 2, 9.892260729322306, 0.6648794966773525, 10.48810278400844, 2.553811898148575, 2.27908483896308, 0.001179784888144826, 322.304954747661, 124.69615739198808, 324.0, 385.5
CNN, World Sport motorsport, 2, 10.61751395348835, 0.10700353856677858, 11.99016154497145, 1.5552691751248817, 1.9783837835168652, 0.0013561058103549462, 302.144702842377, 1.0683118669414475, 208.5, 250.0
CNN, Money davos, 1, 12.0527692307693, 0.0, 8.53218899521531, 0.0, 2.21739130434783, 0.0, 310.796460176991, 0.0, 115.0, 156.0
CNN, World Sport horseracing, 1, 11.7677694235589, 0.0, 10.4906401975684, 0.0, 2.21714285714286, 0.0, 304.940476190476, 0.0, 175.0, 204.0
CNN, Technology africa, 1, 11.6245386766077, 0.0, 11.855330784751, 0.0, 2.23351648351648, 0.0, 317.486033519553, 0.0, 364.0, 414.0
CNN, World Sport justice, 1, 10.9408857808858, 0.0, 11.2089274924471, 0.0, 2.23952095808383, 0.0, 313.61963190184, 0.0, 167.0, 189.0
CNN, Science Space 12, 1, 12.6040270935961, 0.0, 14.0784242424243, 0.0, 2.78476821192053, 0.0, 345.510204081633, 0.0, 302.0, 342.0
BBC, World uk, 87, 11.328504507063363, 1.406880300891771, 10.885227616560824, 2.614578988296736, 2.1564318676799337, 0.05756365516554646, 308.6942256943288, 246.91391187567257, 202.73563218390805, 237.20689655172413
BBC, Sport sport, 1326, 10.626872969546364, 3.085306300178713, 9.582929081590098, 27.754359438016788, 1.9343280486533758, 0.062134183347739215, 294.6279834173154, 347.92114468372563, 147.73529411764707, 184.6711915535445
BBC, World world, 732, 11.928953121064515, 1.524589030584469, 10.766130395132375, 3.5024030332770786, 2.236618249301311, 0.06906395334802025, 313.5495615432213, 360.97931431752835, 159.19945355191257, 186.10655737704917
BBC, Entertainment entertainment, 247, 10.884765684488125, 1.9540578391087717, 10.636878687786389, 4.0194530534518975, 2.041855787353124, 0.0639879977217018, 302.96281854419215, 311.41068847719515, 135.04048582995952, 167.31578947368422
BBC, World sport, 30, 11.473038828184551, 1.8883087471507913, 8.01337491283208, 14.805656364407984, 1.9160840082570862, 0.044027760052483926, 292.00437087009465, 173.93437264130498, 163.26666666666668, 199.9
BBC, Business business, 358, 11.150857888206351, 1.5796289174496285, 10.970664871647637, 2.9970948654204337, 2.1014930969380274, 0.05158190863779576, 305.1789437245649, 275.2735786414874, 153.1927374301676, 178.0
BBC, World health, 25, 11.641580389621236, 1.2350378480627222, 10.24990938754343, 0.882493378862044, 2.1060956979232124, 0.02695948080846765, 301.1620623375338, 210.64980619410116, 170.24, 193.2
BBC, World magazine, 43, 10.703398851579559, 1.6267215784539963, 8.998876109236967, 2.4219069390453876, 2.0882990892146536, 0.08902728437864642, 304.2158243009943, 425.40077009309437, 273.16279069767444, 316.8139534883721
BBC, World blogs, 31, 11.484141743561288, 1.2894789276017353, 10.508848796920624, 7.595091389948428, 2.1862568201188677, 0.05277000431200744, 306.7787046533917, 187.13104345977342, 218.74193548387098, 257.4516129032258
BBC, World in, 17, 11.5081089583541, 0.42365025155884556, 7.361066897347172, 0.43251738684482527, 1.1795230912877939, 0.018428956969078963, 249.66494290023687, 64.77619705499285, 14.0, 16.0
BBC, Entertainment uk, 84, 10.949798317391483, 2.493262403516186, 10.499334971285663, 3.2219052986961736, 2.0647698595095534, 0.052342284702132064, 303.1963565633262, 274.0160139812856, 142.98809523809524, 170.0952380952381
BBC, Business uk, 42, 11.68406912422283, 2.349278851057691, 11.096471890333524, 3.9955475877264957, 2.165454494398166, 0.08057696529446608, 309.1877857552616, 380.61495300032266, 194.52380952380952, 223.11904761904762
BBC, Business blogs, 5, 11.150244048197179, 0.44490895232732963, 9.537552642487729, 1.5683922617508632, 2.027008883252612, 0.0092366701451905, 297.8851231838244, 59.32262551135017, 220.8, 259.6
BBC, Business sport, 13, 11.180119643143742, 1.3476172372132669, 11.7807308393338, 3.273034292417224, 2.2440977475280945, 0.05795114447468227, 314.55947552949954, 306.10980077844937, 186.92307692307693, 218.07692307692307
BBC, Technology business, 40, 11.184789289666426, 1.2433517599400061, 11.387034623773808, 3.0841869383936675, 2.1309648774974956, 0.06966430496028533, 309.5074152531869, 329.2184654210019, 170.65, 198.925
BBC, Business world, 24, 11.862623332112507, 0.8995829285119976, 11.320560126336341, 3.724351888299782, 2.264446876781886, 0.053118932179394306, 318.3214357985261, 251.37395219053647, 165.95833333333334, 197.54166666666666
BBC, Science Nature science, 105, 11.769830821950988, 1.2612124237601452, 11.363798182472967, 3.153515945255335, 2.3065873675384725, 0.03702713541363073, 313.9252736509771, 181.32637459524452, 207.3047619047619, 237.8761904761905
BBC, Science Nature health, 16, 11.563025794454923, 1.0844859189787275, 10.848752119647271, 2.1595060756641127, 2.166175337702221, 0.06454772286286349, 304.8962298495731, 269.9288319970889, 213.0, 244.125
BBC, Science Nature world, 16, 11.64596857279632, 1.398366415128227, 11.022551210260659, 2.0216109530988344, 1.990340733732642, 0.06492376431345064, 299.79289509065666, 232.8506446188649, 129.875, 153.0625
BBC, Science Nature uk, 18, 11.816431992180854, 1.5974638762353288, 10.744671624155096, 2.6062715196922883, 2.1447040329729865, 0.07066181391623702, 302.02344798075325, 395.50008819326575, 134.5, 156.33333333333334
BBC, Science Nature technology, 5, 11.57407320959306, 1.0684400819771436, 11.66959354957582, 1.8905820700109328, 2.262853603996272, 0.00858171356671222, 317.1377542034676, 58.14459676086979, 288.6, 327.6
BBC, Science Nature business, 3, 11.941329292929302, 0.6311457562615922, 11.35627284875217, 1.5598710123478974, 1.9641151876996166, 0.12055977513608594, 299.3093186948217, 302.0378120140829, 131.66666666666666, 153.33333333333334
BBC, Science Nature magazine, 6, 10.96501953012678, 0.7643750137494273, 9.511905421585793, 3.0777551410297033, 2.4233238950227567, 0.028867234950985685, 323.17760984550154, 189.88123698033004, 414.8333333333333, 471.0
BBC, Technology technology, 153, 11.583879596430872, 1.6760873351667414, 11.009184044127398, 3.6272587092862367, 2.188093506316007, 0.05205831804300496, 312.2124262265034, 267.9867995743153, 164.47058823529412, 190.26143790849673
BBC, Science Nature in, 1, 10.5325162127108, 0.0, 8.70510419078493, 0.0, 2.28421052631579, 0.0, 312.0, 0.0, 285.0, 327.0
BBC, Technology uk, 19, 11.730081131139913, 1.819101887930746, 11.942677709161138, 6.2012615742472015, 2.2493612062392234, 0.04601927369276147, 314.6420894962747, 431.2271786116498, 177.47368421052633, 206.21052631578948
BBC, Entertainment newsbeat, 30, 10.496455342608225, 1.469253293836449, 8.505222333635475, 2.1720918745443787, 1.9082138578338472, 0.05135072483790886, 293.41911977043634, 255.69401684621178, 138.26666666666668, 164.83333333333334
BBC, Technology newsbeat, 21, 11.42891161923334, 1.3692402452317778, 9.033942457437316, 2.21866310080165, 1.9990151921249162, 0.07064309995646247, 296.05460599975373, 539.7767842768415, 133.66666666666666, 151.28571428571428
BBC, Entertainment world, 26, 10.853656195644469, 2.026638274685477, 10.249499442098537, 2.9648908869340715, 2.2296788246133206, 0.1036774497054457, 316.26780291574596, 481.5521338916147, 150.23076923076923, 181.5
BBC, Entertainment magazine, 12, 10.769607485559346, 1.5961433945580226, 9.245484124512293, 0.8166697962497432, 2.1426920260730165, 0.055922291873533536, 308.3468599537902, 204.16882686343024, 251.91666666666666, 301.4166666666667
BBC, Technology world, 13, 12.183129400547081, 2.7829986599120287, 11.246807965272467, 4.855176830629546, 2.3387857671042123, 0.04907145360034897, 319.58255441154694, 388.9759751773793, 128.69230769230768, 152.53846153846155
BBC, Sport uk, 27, 10.771442418480987, 2.589950476864779, 9.665292781231846, 2.949154325485679, 2.0517946714890516, 0.03821303618877156, 302.37340853775265, 276.4424606418592, 124.74074074074075, 146.59259259259258
BBC, Technology 30743866#sa, 1, 10.4134583333333, 0.0, 9.474039408867, 0.0, 1.75423728813559, 0.0, 296.068376068376, 0.0, 118.0, 131.0
BBC, Sport world, 6, 9.946763376666704, 0.9195163002262375, 11.357561383165873, 8.695821462425537, 2.0298044526766033, 0.0205508211948263, 303.64667684375866, 83.30769153368722, 119.66666666666667, 146.0
BBC, Business technology, 3, 10.073038004995153, 0.2266841165133983, 10.153885557591783, 4.140134930633499, 2.0899694321432736, 0.021629814673323176, 306.3169271904567, 111.03348544128782, 202.66666666666666, 233.33333333333334
BBC, Business education, 1, 12.7244731610338, 0.0, 12.2579033915725, 0.0, 2.29651162790698, 0.0, 317.92899408284, 0.0, 172.0, 196.0
BBC, Business magazine, 2, 11.357926052631601, 0.3662259512577125, 11.63129728149665, 1.3333383681190258, 2.1160381225661, 0.19829780346194148, 305.02563116749945, 722.3990934555284, 338.5, 398.0
BBC, Entertainment sport, 1, 11.3243697478991, 0.0, 9.28863125638405, 0.0, 1.75961538461538, 0.0, 290.588235294118, 0.0, 104.0, 130.0
BBC, Business 30843282#sa, 1, 10.3570103092783, 0.0, 9.87226190476191, 0.0, 2.08527131782946, 0.0, 294.015748031496, 0.0, 129.0, 141.0
BBC, World science, 3, 11.175003913830523, 1.6188744283124652, 11.011298888354451, 1.7639840451285262, 2.035141283524903, 0.041375171627050275, 308.50641675109733, 167.85715283716303, 47.0, 59.333333333333336
BBC, Business 30843284#sa, 1, 10.495945945946, 0.0, 8.63538961038961, 0.0, 1.78333333333333, 0.0, 286.949152542373, 0.0, 60.0, 81.0
BBC, Entertainment blogs, 2, 11.197617542632699, 0.15545593701009602, 7.878625380977844, 1.9945517780730195, 1.9116391184573, 0.0870087473153755, 286.93720121686204, 232.32728136643527, 151.0, 186.5
BBC, Technology blogs, 6, 10.452020830567871, 1.4418285502330608, 9.714821522750682, 1.4913010916819982, 2.0716705798057684, 0.05208101665744982, 297.286686922733, 219.85898361130003, 232.66666666666666, 261.6666666666667
BBC, World education, 4, 12.645993815306825, 0.3276846995810152, 12.439883325942125, 0.42983256285525273, 2.1147027356681174, 0.007601903436124938, 304.12277355628976, 10.231030444021819, 264.0, 300.25
BBC, Technology education, 3, 13.153688265484133, 1.4373549963224879, 12.268228011092168, 0.25093366582192717, 2.1779819291555733, 0.013052234722708693, 314.77343765092235, 193.5872548335756, 223.66666666666666, 249.0
BBC, World business, 6, 12.183256902386617, 1.0656045458244117, 12.262083205794122, 2.1994079654834002, 2.2330578286279255, 0.013150561228137311, 312.8807999020655, 40.96386060425839, 113.66666666666667, 134.5
BBC, Entertainment health, 1, 11.6170205479452, 0.0, 10.3435384615385, 0.0, 2.31094527363184, 0.0, 318.329113924051, 0.0, 402.0, 447.0
BBC, Business 30876955#sa, 1, 10.82615, 0.0, 9.75152334152333, 0.0, 2.40552995391705, 0.0, 323.333333333333, 0.0, 434.0, 497.0
BBC, Entertainment 30913277#sa, 1, 11.4310700636942, 0.0, 10.4839804639805, 0.0, 2.188, 0.0, 323.877551020408, 0.0, 250.0, 319.0
BBC, Technology entertainment, 1, 12.0181858407079, 0.0, 11.6099377475948, 0.0, 2.14942528735632, 0.0, 316.140350877193, 0.0, 174.0, 200.0
BBC, Business 30925696#sa, 1, 10.8252348993288, 0.0, 12.0187787600258, 0.0, 2.3011583011583, 0.0, 319.606299212598, 0.0, 259.0, 305.0
BBC, Entertainment 30898437#sa, 1, 9.14688470066521, 0.0, 7.88335488421299, 0.0, 1.97535211267606, 0.0, 301.107142857143, 0.0, 284.0, 336.0
BBC, World newsbeat, 2, 9.340878328342814, 0.21838882859923445, 8.19117485002608, 0.001478770074356882, 1.942777777777775, 0.108533641975309, 292.23473415370347, 679.663179992897, 165.0, 188.0
BBC, Business science, 2, 10.5407949713641, 2.1139255484580324, 11.183166883327925, 4.311446002500727, 2.26133310467044, 0.07892781615508324, 303.80625618199804, 805.9687928489909, 197.0, 221.0
BBC, Technology magazine, 4, 11.09208125865271, 1.8900546761388308, 10.949008180810946, 5.469937077699534, 2.22199999072511, 0.2188459496930032, 323.25115471720625, 592.2161347786734, 218.5, 264.75
BBC, Entertainment in, 1, 12.9822598870056, 0.0, 10.193, 0.0, 2.30487804878049, 0.0, 326.962025316456, 0.0, 82.0, 100.0
BBC, Sport business, 1, 11.5399693251534, 0.0, 11.4010497237569, 0.0, 2.11483253588517, 0.0, 302.572815533981, 0.0, 209.0, 237.0
BBC, Technology 31011938#sa, 1, 15.350366972477, 0.0, 12.9855632183908, 0.0, 2.65671641791045, 0.0, 346.0, 0.0, 67.0, 81.0
BBC, Technology health, 1, 13.8339433551198, 0.0, 10.4629531914894, 0.0, 2.18407960199005, 0.0, 308.190954773869, 0.0, 201.0, 228.0
BBC, Business health, 1, 10.9593963553531, 0.0, 9.46513291260279, 0.0, 2.06872852233677, 0.0, 295.470383275261, 0.0, 291.0, 322.0
BBC, Science Nature newsbeat, 1, 9.96069281045749, 0.0, 6.99965821566112, 0.0, 2.06563706563707, 0.0, 304.624505928854, 0.0, 259.0, 285.0
BBC, Technology 31047780#sa, 1, 10.5464109985528, 0.0, 9.24176932332552, 0.0, 1.68897637795276, 0.0, 277.34126984127, 0.0, 254.0, 286.0
BBC, World entertainment, 1, 13.12359375, 0.0, 10.7109523809524, 0.0, 2.10714285714286, 0.0, 315.975609756098, 0.0, 84.0, 109.0
BBC, World 31110533#sa, 1, 9.73595061728394, 0.0, 8.33266129032258, 0.0, 1.78260869565217, 0.0, 274.683544303797, 0.0, 161.0, 190.0
BBC, Sport newsbeat, 1, 10.354094488189, 0.0, 3.6660303030303, 0.0, 1.46268656716418, 0.0, 258.787878787879, 0.0, 67.0, 77.0
BBC, Science Nature sport, 1, 9.55364347826088, 0.0, 10.4529973574934, 0.0, 2.17559523809524, 0.0, 307.142857142857, 0.0, 336.0, 386.0
VOA, Europe, 156, 12.434899430205247, 1.9808450147129133, 12.702998327456843, 6.112657550991112, 2.369672416186238, 0.06238018528581623, 323.73053649364294, 354.7761074189295, 187.80769230769232, 221.71794871794873
VOA, USA, 107, 12.153450281343416, 1.6994284085505569, 13.102934782057702, 5.094425281995559, 2.280915905215101, 0.06687077649109317, 316.0037576238417, 340.5564397161138, 187.8785046728972, 222.49532710280374
VOA, Economy, 128, 12.017863331668549, 1.1413790332647662, 12.967213584573907, 4.235906288845703, 2.3203486182013617, 0.05475040318680353, 320.82176708023604, 309.3886911616899, 204.65625, 235.21875
VOA, Asia, 194, 12.539095505025434, 2.0194883818427343, 12.903807718451626, 5.811173012038092, 2.3380459773325324, 0.07574092768352375, 320.278073609426, 273.8765233965983, 168.6701030927835, 195.93298969072166
VOA, Science Technology, 77, 11.701501180124668, 1.2348656853031557, 12.299255972149847, 3.317317541399695, 2.2793962798186476, 0.050113631609314056, 314.7678912766559, 285.98137483770336, 202.36363636363637, 232.37662337662337
VOA, Middle East, 198, 12.31253285506929, 1.3828835537092279, 13.03551656091549, 3.6845022594580703, 2.3981708142991076, 0.07597144547414658, 323.3744956799144, 312.5832905909571, 180.3030303030303, 213.2979797979798
VOA, Africa, 234, 12.091355097724403, 1.1171843078526547, 12.274776223746588, 3.7658346803799234, 2.305952468527447, 0.05180169838751153, 315.6167718528652, 336.068221947195, 176.38888888888889, 201.6153846153846
VOA, Arts Entertainment, 63, 10.74002865229367, 1.257237751013176, 11.31033289596761, 5.455090250946813, 2.1750472561965095, 0.07650073876143249, 308.6479993140713, 326.9383421677542, 188.82539682539684, 226.93650793650792
TheJapanTimes, business, 232, 12.205396092983499, 1.1970773693209253, 13.175028285549372, 4.0126956967535214, 2.34318289542854, 0.062135466517518154, 325.27712588200177, 351.68628978767697, 177.01724137931035, 207.56465517241378
TheJapanTimes, world, 619, 12.133958659811787, 1.3806368377475833, 12.689487273746268, 4.033639149835319, 2.376920408727181, 0.06385586015424075, 322.3788120603953, 300.66107555007574, 207.39095315024232, 243.30856219709207
TheJapanTimes, entertainment, 54, 11.225256200588275, 1.4877294387255906, 11.217712650840198, 3.3800233166058766, 2.198365343607531, 0.0603354828444484, 313.9285157698055, 313.26557550661295, 174.11111111111111, 214.55555555555554
TheJapanTimes, sport, 367, 10.13625243733625, 1.789425145766323, 10.004846745627932, 5.583899116725878, 1.992864180177514, 0.06981310206387245, 296.2672944878744, 282.7818108689982, 167.06539509536785, 210.31335149863762
TheJapanTimes, science-health, 49, 12.722504589922291, 1.9000333468222417, 13.449176292630424, 5.555075117700435, 2.342388446763019, 0.05559133737209241, 318.04934036161245, 324.03529542418244, 147.16326530612244, 169.0408163265306
TheJapanTimes, tech, 35, 12.104302336403226, 0.8136945052427872, 12.78997281749323, 3.714002241159046, 2.3255894493025497, 0.04682186069857558, 322.2457660116449, 221.72689032180213, 215.82857142857142, 255.31428571428572
Asahi, science, 43, 13.708850069089896, 7.269382257392644, 15.714153491094836, 11.08463712457022, 2.2584844128539263, 0.18042997152551968, 312.6750483232132, 988.4187777383639, 45.76744186046512, 56.06976744186046
Asahi, technology, 46, 14.525104457385599, 8.508233459873848, 16.875425182459953, 8.03912281893302, 2.1781972038860395, 0.1390428834668171, 313.5082111950267, 830.0210752000809, 22.82608695652174, 29.065217391304348
Asahi, business, 105, 13.18488688334183, 5.738740491641901, 16.487428132617318, 12.878654592870125, 2.0911555525874843, 0.10963491438200096, 308.6916473482837, 727.8969936448792, 23.076190476190476, 30.504761904761907
Asahi, sports, 68, 12.204327675102443, 6.086220604297236, 14.940969883564913, 12.291840873480728, 1.9311506417789914, 0.16206376119243956, 292.2211640246721, 873.2460086035809, 21.11764705882353, 29.720588235294116
Asahi, chaina, 55, 13.34648584410477, 4.809426959124545, 17.84245583185784, 7.680799174918618, 2.2094986761699356, 0.09716752887895003, 309.55533770462955, 765.8932133623075, 25.581818181818182, 33.72727272727273
Asahi, korean, 65, 12.842941399603804, 5.090352626295225, 18.28109319174299, 9.856163545344234, 2.203023553560087, 0.2350369318973046, 307.7508985767759, 1202.9498181168076, 25.215384615384615, 34.61538461538461
Asahi, around_asia, 51, 12.67846171930249, 4.349713104208252, 17.72548861765692, 13.596954522879406, 2.2318136422908794, 0.15068995027369061, 305.98183564228896, 953.3587678844158, 26.568627450980394, 35.86274509803921
Asahi, style, 66, 13.130197518402442, 6.9457460776146265, 13.258635996828733, 20.572040424592114, 2.0566939840557517, 0.18992023612382566, 300.66792613716865, 1178.6192238014348, 22.40909090909091, 28.454545454545453
Asahi, fun spots, 54, 12.208732270482543, 5.770284201926604, 16.00666024122058, 11.983954360039215, 2.0881063728738414, 0.23160267891687167, 302.25904262278885, 954.6231056540471, 22.77777777777778, 29.85185185185185
Asahi, anime_news, 50, 12.500312897326173, 4.412013282219184, 14.888710264534739, 7.292554879438318, 2.0707148363765886, 0.1503570614711566, 308.65202884256973, 901.9884511362944, 19.22, 26.06
Asahi, movies, 44, 11.818170279824425, 6.286582425497449, 12.91389499200128, 19.195996039450755, 1.8728498340084996, 0.19458176232088273, 289.06801957288303, 1001.1800730628952, 23.204545454545453, 30.886363636363637
TIME, science, 52, 11.6889864846264, 2.5943838426360832, 12.002631604095086, 6.106861624523121, 2.149092739683021, 0.07119880288423187, 304.2200229776358, 383.671336489475, 145.65384615384616, 169.01923076923077
TIME, ecocentric, 52, 11.688986484626403, 2.5943838426360837, 12.002631604095084, 6.1068616245231215, 2.149092739683021, 0.07119880288423186, 304.2200229776358, 383.671336489475, 145.65384615384616, 169.01923076923077
TIME, grobal spin, 229, 12.077435353102656, 2.261858747320524, 12.404758363332139, 7.056234764743121, 2.32851550997222, 0.0963605329540174, 317.9592659524931, 478.33428070404676, 170.92576419213975, 200.74235807860262
TIME, business, 147, 11.131691404547404, 1.6336546530848404, 11.22944124550456, 5.103131096030858, 2.1577314026829906, 0.05558476624585532, 308.1567821636176, 332.4560974591807, 186.59183673469389, 215.30612244897958
TIME, techland, 112, 11.316543155686816, 2.6344508962460798, 11.186904543692973, 8.73382529895342, 2.1428305810892936, 0.07669927654267442, 307.58417576321165, 389.5474396500705, 167.90178571428572, 193.625
TIME, moneyland, 126, 11.149152286584311, 1.6848850612400748, 11.26190292854772, 5.471620484361688, 2.1614818657758064, 0.05756382226383101, 308.29499821960417, 340.279522335967, 188.5952380952381, 217.77777777777777
TIME, tuned in, 12, 10.127891094644845, 0.747455684397908, 10.689832713275836, 2.77608298055736, 2.2869364670225276, 0.020166156267173524, 313.11100151797285, 101.94333512844698, 254.41666666666666, 304.8333333333333
TIME, world, 247, 12.091759984465035, 2.220159028840678, 12.562209457369722, 7.520418275419604, 2.328547143495207, 0.09492937614493746, 318.0519837791069, 482.2338429354992, 167.83805668016194, 197.09716599190284
TIME, the curious capitalist, 148, 11.126293856120656, 1.6603966140864066, 11.232953530127096, 4.976355273130846, 2.1572452183166635, 0.055819418907090974, 308.24692574176953, 324.309428390952, 187.31756756756758, 216.10135135135135
TIME, entertainment, 206, 10.596421534168273, 2.5931643008180068, 10.434223050098861, 10.404163895084704, 2.0504141784402115, 0.10000010383686951, 300.6668301049938, 542.1688486907414, 147.67961165048544, 178.20873786407768
NewYorkTimes, world, 302, 11.946172190581471, 1.271051581724285, 13.020920933405877, 3.8643735619669237, 2.453826928854772, 0.06622728838865677, 326.57175721176134, 263.19221571964613, 279.65562913907286, 324.41059602649005
NewYorkTimes, business, 207, 11.55196922651652, 1.5904055982643897, 12.071996722664345, 5.130280285067092, 2.3903339374059693, 0.045334200536260534, 325.75284119308634, 220.39776490967927, 299.8502415458937, 346.1690821256039
NewYorkTimes, science, 96, 11.675307144277271, 1.1211343641543674, 12.215914137393638, 3.20927647158767, 2.4313372902853305, 0.06905181273889383, 323.84432865792536, 354.63595495427626, 326.4895833333333, 378.59375
NewYorkTimes, technology, 128, 11.769647391939962, 1.4868252473500616, 12.348675882818148, 4.319723995278477, 2.3646243891055456, 0.04953212117779852, 322.73114109906487, 230.48473331901994, 290.5703125, 328.9921875
NewYorkTimes, sports, 241, 9.748740837258993, 2.5095369132485317, 9.4500214022177, 3.778427230901795, 2.1021864727874773, 0.061152107653653955, 303.61474512075824, 307.58677121545486, 242.28215767634856, 297.103734439834
